{"count":1,"self":1452.3893759999999,"total":3800.2204106,"children":{"InitializeActuators":{"count":2,"self":0.0029998,"total":0.0029998,"children":null},"InitializeSensors":{"count":2,"self":0.0029977999999999997,"total":0.0029977999999999997,"children":null},"AgentSendState":{"count":1970134,"self":48.822668799999995,"total":223.6092563,"children":{"CollectObservations":{"count":788054,"self":15.0218192,"total":15.0218191,"children":null},"CollectDiscreteActionMasks":{"count":788054,"self":4.7493992,"total":4.7493992,"children":null},"RequestDecision":{"count":788054,"self":16.1813088,"total":155.01536819999998,"children":{"AgentInfo.ToProto":{"count":788054,"self":12.1280272,"total":138.8340596,"children":{"GenerateSensorData":{"count":788054,"self":57.717535999999996,"total":126.7060322,"children":{"RayPerceptionSensor.Perceive":{"count":788054,"self":68.988499199999993,"total":68.9884989,"children":null}}}}}}}}},"DecideAction":{"count":1970134,"self":2022.885376,"total":2022.8853993,"children":null},"AgentAct":{"count":1970134,"self":101.2156352,"total":101.215633,"children":null},"AgentInfo.ToProto":{"count":654,"self":0.0079908,"total":0.113729,"children":{"GenerateSensorData":{"count":654,"self":0.0454285,"total":0.10573819999999999,"children":{"RayPerceptionSensor.Perceive":{"count":654,"self":0.060309699999999994,"total":0.060309699999999994,"children":null}}}}}},"gauges":{"Agent.CumulativeReward":{"count":654,"max":126.4,"min":-385.6,"runningAverage":-4.13914537,"value":-51.9999962,"weightedAverage":-21.0470448}},"metadata":{"timer_format_version":"0.1.0","start_time_seconds":"1616577142","unity_version":"2019.4.11f1","command_line_arguments":"C:\\Program Files\\Unity\\Hub\\Editor\\2019.4.11f1\\Editor\\Unity.exe -projectpath C:\/Users\/ciuff\/Desktop\/lab7to9-robot-tournament-main\/capture-ball-game -useHub -hubIPC -cloudEnvironment production -hubSessionId 2e2e8630-8c2d-11eb-8a2a-dd076e431766","communication_protocol_version":"1.2.0","com.unity.ml-agents_version":"1.5.0-preview","scene_name":"AgentTraining","end_time_seconds":"1616580942"}}